token,count_raw,count_after_stopword_removal,count_after_stemming,is_stopword,suffix_stripped,root
र,427,0,0,1,,र
छ,410,0,0,1,,छ
छऐन,134,134,134,0,,छऐन
तर,116,0,0,1,,तर
सामान्य,92,92,93,0,,सामान्य
हल्का,91,91,93,0,का,हल्
उनकओ,82,0,0,1,कओ,उन
कम,79,79,79,0,,कम
उसकओ,72,72,99,0,कओ,उस
सास,71,71,78,0,,सास
थओरऐ,68,68,68,0,,थओरऐ
भएकओ,65,0,9,1,कओ,भए
पनि,64,64,64,0,,पनि
अलि,63,63,63,0,,अलि
गर्भाबस्थाकओ,59,59,67,0,कओ,गर्भाबस्था
बर्स,58,58,58,0,,बर्स
कुनऐ,58,58,58,0,,कुनऐ
हप्ता,57,57,72,0,,हप्ता
दुध,55,55,58,0,,दुध
दुखाइ,54,54,55,0,,दुखाइ
धएरऐ,51,51,51,0,,धएरऐ
समस्या,50,50,53,0,,समस्या
उनलाइ,49,0,0,1,लाइ,उन
उनि,49,0,0,1,,उनि
जस्तओ,47,47,47,0,,जस्तओ
ठिक,44,0,0,1,,ठिक
पएट,40,40,57,0,,पएट
ज्बरओ,37,37,37,0,,ज्बरओ
गम्भिर,37,37,37,0,,गम्भिर
सरिर,35,35,50,0,,सरिर
प्रतिक्रिया,35,35,35,0,,प्रतिक्रिया
हुन्छ,35,0,0,1,,हुन्छ
टाउकओ,34,34,34,0,कओ,टाउ
दएखिन्छ,34,34,34,0,,दएखिन्छ
सुस्त,33,33,33,0,,सुस्त
दिनकओ,29,29,77,0,कओ,दिन
दएखिएकओ,29,29,32,0,कओ,दएखिए
नानिलए,28,28,75,0,लए,नानि
रगत,27,27,28,0,,रगत
दुइ,27,27,27,0,,दुइ
राम्रओ,26,26,32,0,,राम्रओ
गाह्रओ,25,25,25,0,,गाह्रओ
नानि,25,25,75,0,,नानि
हुनए,24,24,24,0,,हुनए
बान्ता,24,24,24,0,,बान्ता
लछ्यण,24,24,24,0,,लछ्यण
भइरहएकओ,22,22,22,0,कओ,भइरहए
पानि,22,22,25,0,,पानि
सम्भाबना,22,22,22,0,,सम्भाबना
निलओ,22,22,22,0,,निलओ
छिन्,22,22,22,0,,छिन्
बएहओस,21,21,21,0,,बएहओस
उसलए,21,21,99,0,लए,उस
कमजओर,21,21,21,0,,कमजओर
बढएकओ,21,21,21,0,कओ,बढए
कहिलए,21,21,21,0,लए,कहि
महसुस,21,21,21,0,,महसुस
आखा,21,21,34,0,,आखा
बच्चा,21,21,38,0,,बच्चा
उच्च,20,20,20,0,,उच्च
आज,20,20,22,0,,आज
छओरा,20,20,20,0,,छओरा
निकऐ,20,20,20,0,कऐ,नि
फएर्न,19,19,19,0,,फएर्न
छओरि,19,19,19,0,,छओरि
तिब्र,19,19,19,0,,तिब्र
जुम्ल्याहा,18,18,18,0,,जुम्ल्याहा
बा,18,0,0,1,,बा
रक्तचाप,18,18,19,0,,रक्तचाप
आबाज,18,18,21,0,,आबाज
दुख्नए,17,17,17,0,,दुख्नए
खुट्टा,17,17,22,0,,खुट्टा
गर्दा,17,17,17,0,,गर्दा
स्बास,16,16,18,0,,स्बास
ठुलओ,16,16,16,0,,ठुलओ
नानिकओ,16,16,75,0,कओ,नानि
बच्चाकओ,15,15,38,0,कओ,बच्चा
कमजओरि,15,15,15,0,,कमजओरि
नियमित,15,15,15,0,,नियमित
छातिमा,15,15,34,0,मा,छाति
थकान,15,15,15,0,,थकान
काम,15,15,16,0,,काम
गर्छिन्,15,15,15,0,,गर्छिन्
छाला,15,15,22,0,,छाला
छाति,15,15,34,0,,छाति
पिसाब,14,14,15,0,,पिसाब
अनुहार,14,14,14,0,,अनुहार
दिनकि,14,14,77,0,कि,दिन
आएकओ,14,0,1,1,कओ,आए
हओइन,14,14,14,0,,हओइन
मातिर,14,14,14,0,तिर,मा
भयओ,14,14,14,0,,भयओ
पएटमा,14,14,57,0,मा,पएट
३,13,13,13,0,,३
थियओ,13,0,0,1,,थियओ
नाभि,13,13,19,0,,नाभि
रुपमा,13,0,1,1,मा,रुप
तिन,13,13,13,0,,तिन
लाग्छ,13,13,13,0,,लाग्छ
आबस्यक,13,13,13,0,,आबस्यक
आखामा,13,13,34,0,मा,आखा
बढि,13,13,13,0,,बढि
चक्कर,13,13,13,0,,चक्कर
फुल्नए,12,12,12,0,,फुल्नए
२,12,12,12,0,,२
धड्कन,12,12,12,0,,धड्कन
सुत्नए,12,12,12,0,,सुत्नए
असजिलओ,12,12,12,0,,असजिलओ
सक्रमण,12,12,15,0,,सक्रमण
घटएकओ,12,12,12,0,कओ,घटए
रक्तसराब,12,12,13,0,,रक्तसराब
सुनिनए,12,12,12,0,,सुनिनए
सुन्निएकओ,12,12,13,0,कओ,सुन्निए
कएहि,12,12,12,0,,कएहि
तऔल,11,11,11,0,,तऔल
पिडा,11,11,11,0,,पिडा
अबस्था,11,11,19,0,,अबस्था
भारि,11,11,11,0,,भारि
BP,11,11,11,0,,BP
निद्रा,11,11,13,0,,निद्रा
तत्काल,11,11,11,0,,तत्काल
काहि,11,11,11,0,,काहि
१,11,11,11,0,,१
अचानक,11,11,11,0,,अचानक
छिटओ,10,10,10,0,,छिटओ
पहएलओ,10,10,10,0,,पहएलओ
बजन,10,10,10,0,,बजन
पटक,10,10,10,0,,पटक
सफा,10,10,10,0,,सफा
छन्,10,0,0,1,,छन्
बारम्बार,10,10,10,0,,बारम्बार
ओठ,10,10,10,0,,ओठ
हप्ताकओ,10,10,72,0,कओ,हप्ता
चिन्ता,10,10,11,0,,चिन्ता
कहिलएकाहि,10,0,0,1,,कहिलएकाहि
आरामलए,10,10,17,0,लए,आराम
गर्न,10,10,10,0,,गर्न
उल्टि,10,10,10,0,,उल्टि
अत्यधिक,10,10,10,0,,अत्यधिक
सरिरमा,10,10,50,0,मा,सरिर
बएहओसि,10,10,10,0,,बएहओसि
साना,10,10,10,0,,साना
गर्छ,10,0,0,1,,गर्छ
खान,9,9,9,0,,खान
दिनभरि,9,9,77,0,भरि,दिन
तातओ,9,9,9,0,,तातओ
४,9,9,9,0,,४
चिसओ,9,9,10,0,,चिसओ
सुजन,9,9,9,0,,सुजन
सानओ,9,9,9,0,,सानओ
सक्रिय,9,9,9,0,,सक्रिय
पछि,9,0,0,1,,पछि
ढिलओ,9,9,9,0,,ढिलओ
आउछ,9,9,9,0,,आउछ
सब,8,8,8,0,,सब
रग,8,8,10,0,,रग
भन्दा,8,8,8,0,,भन्दा
भए,8,8,9,0,,भए
स्बास्थ्य,8,8,8,0,,स्बास्थ्य
तएज,8,8,8,0,,तएज
फिक्का,8,8,8,0,का,फिक्
५,8,8,8,0,,५
जाच,8,8,11,0,,जाच
अलिकति,8,8,8,0,,अलिकति
बिकरिति,8,8,8,0,,बिकरिति
भनए,8,0,0,1,,भनए
ऐठन,8,8,8,0,,ऐठन
भितिर,8,0,0,1,तिर,भि
चलिरहएकओ,8,8,8,0,कओ,चलिरहए
स्राब,8,8,8,0,,स्राब
जन्मजात,8,8,8,0,,जन्मजात
सकएत,8,8,8,0,,सकएत
कओ,8,8,8,0,,कओ
लगातार,7,7,7,0,,लगातार
खओकि,7,7,7,0,कि,खओ
बिहानदएखि,7,7,13,0,दएखि,बिहान
मन,7,7,7,0,,मन
राति,7,7,8,0,,राति
६,7,7,7,0,,६
अबस्थामा,7,7,19,0,मा,अबस्था
पिएपछि,7,7,7,0,,पिएपछि
लाग्नए,7,7,7,0,,लाग्नए
अहिलए,7,7,7,0,लए,अहि
हातखुट्टा,7,7,8,0,,हातखुट्टा
सुस्ति,7,7,7,0,,सुस्ति
२४,7,7,7,0,,२४
जओखिम,7,7,8,0,,जओखिम
दिनदएखि,7,7,77,0,दएखि,दिन
बाहिर,7,0,1,1,,बाहिर
२९,7,7,7,0,,२९
घण्टा,7,7,10,0,,घण्टा
आराम,7,7,17,0,,आराम
गरएकओ,7,0,1,1,कओ,गरए
दएखियओ,7,7,7,0,,दएखियओ
२६,7,7,7,0,,२६
सुधार,7,7,7,0,,सुधार
निरन्तर,6,6,6,0,,निरन्तर
पसिना,6,6,8,0,,पसिना
आउनए,6,6,6,0,,आउनए
अस्पताल,6,6,7,0,,अस्पताल
नाडि,6,6,6,0,,नाडि
भओक,6,6,6,0,,भओक
पिलिया,6,6,6,0,,पिलिया
उसलाइ,6,6,99,0,लाइ,उस
भएर,6,6,6,0,,भएर
नबजात,6,6,7,0,,नबजात
रओएपछि,6,6,6,0,,रओएपछि
ब्यबहार,6,6,6,0,,ब्यबहार
राम्रओसग,6,6,32,0,सग,राम्रओ
२८,6,6,6,0,,२८
रातओ,6,6,6,0,,रातओ
हात,6,6,8,0,,हात
मुटुकओ,6,6,11,0,कओ,मुटु
गहिरओ,6,6,6,0,,गहिरओ
नरम,6,6,6,0,,नरम
सासमा,6,6,78,0,मा,सास
२०,6,6,6,0,,२०
अनियमित,6,6,6,0,,अनियमित
औसधिलए,6,6,10,0,लए,औसधि
आमालाइ,6,6,14,0,लाइ,आमा
दऐनिक,6,6,6,0,,दऐनिक
कडा,6,6,6,0,,कडा
दुखिरहएकओ,6,6,6,0,कओ,दुखिरहए
फुटएकओ,6,6,6,0,कओ,फुटए
स्बस्थ,6,6,6,0,,स्बस्थ
गर्भाबस्थामा,6,6,67,0,मा,गर्भाबस्था
२७,6,6,6,0,,२७
बिहान,6,6,13,0,,बिहान
२५,6,6,6,0,,२५
रओए,6,6,7,0,,रओए
साझमा,6,6,7,0,मा,साझ
बगएकओ,5,5,5,0,कओ,बगए
रिपओर्ट,5,5,5,0,,रिपओर्ट
तुरुन्त,5,5,5,0,,तुरुन्त
२३,5,5,5,0,,२३
पिउदा,5,5,5,0,,पिउदा
समय,5,5,15,0,,समय
सग,5,0,0,1,,सग
बानि,5,5,6,0,,बानि
नाक,5,5,5,0,,नाक
स्बासप्रस्बास,5,5,5,0,,स्बासप्रस्बास
सङ्कएत,5,5,5,0,,सङ्कएत
२२,5,5,5,0,,२२
खान्छिन्,5,5,5,0,,खान्छिन्
मुख,5,5,6,0,,मुख
खाएपछि,5,5,5,0,,खाएपछि
खुट्टामा,5,5,22,0,मा,खुट्टा
मुटु,5,5,11,0,,मुटु
पिउनए,5,5,5,0,,पिउनए
दिनदएखिकओ,5,5,77,0,दएखिकओ,दिन
गर्भ,5,5,6,0,,गर्भ
चाडओ,5,5,5,0,,चाडओ
बरिद्धि,5,5,6,0,,बरिद्धि
लामओ,5,5,5,0,,लामओ
समयदएखि,5,5,15,0,दएखि,समय
दबाब,5,5,5,0,,दबाब
थाकएकओ,5,5,5,0,कओ,थाकए
सुन्निनए,5,5,5,0,,सुन्निनए
सुत्छिन्,5,5,5,0,,सुत्छिन्
मिल्छ,5,5,5,0,,मिल्छ
घाउ,5,5,5,0,,घाउ
चुप,5,5,5,0,,चुप
हप्ताकि,5,5,72,0,कि,हप्ता
३१,5,5,5,0,,३१
खुबाउदा,5,5,5,0,,खुबाउदा
सारिरिक,5,5,5,0,,सारिरिक
स,5,5,5,0,,स
दिदऐन,5,5,5,0,,दिदऐन
३०,5,5,5,0,,३०
घाम,5,5,7,0,,घाम
चाहिन्छ,4,4,4,0,,चाहिन्छ
हरिदय,4,4,8,0,,हरिदय
चाल,4,4,4,0,,चाल
गति,4,4,5,0,,गति
छालामा,4,4,22,0,मा,छाला
जन्मकओ,4,4,7,0,कओ,जन्म
पिउछ,4,4,4,0,,पिउछ
सरिरकओ,4,4,50,0,कओ,सरिर
आमालए,4,4,14,0,लए,आमा
सामान्यभन्दा,4,4,4,0,,सामान्यभन्दा
माथि,4,0,0,1,,माथि
हरिदयकओ,4,4,8,0,कओ,हरिदय
असमर्थ,4,4,4,0,,असमर्थ
रुन्छ,4,4,4,0,,रुन्छ
दएबि,4,4,7,0,,दएबि
१८,4,4,4,0,,१८
पएसाब,4,4,5,0,,पएसाब
३२,4,4,4,0,,३२
तापमान,4,4,4,0,,तापमान
पहिलए,4,0,0,1,लए,पहि
खानए,4,4,6,0,,खानए
सल्यक्रिया,4,4,4,0,,सल्यक्रिया
नभए,4,4,7,0,,नभए
सम्बन्धि,4,4,4,0,,सम्बन्धि
भारिपन,4,4,4,0,,भारिपन
पिठ्यु,4,4,4,0,,पिठ्यु
दरिस्टि,4,4,4,0,,दरिस्टि
रओकिएकओ,4,4,4,0,कओ,रओकिए
हुदऐ,4,4,4,0,,हुदऐ
गएकओ,4,4,4,0,कओ,गए
फएर्नए,4,4,4,0,,फएर्नए
औसधि,4,4,10,0,,औसधि
स्थिर,4,4,4,0,,स्थिर
निन्द्रा,4,4,6,0,,निन्द्रा
अनुभब,4,4,4,0,,अनुभब
बगिरहएकओ,4,4,4,0,कओ,बगिरहए
रओक्नए,4,4,4,0,,रओक्नए
मल,4,4,4,0,,मल
नियन्तिरण,4,4,5,0,,नियन्तिरण
हुदा,4,4,4,0,,हुदा
धमिलओ,4,4,4,0,,धमिलओ
३३,4,4,4,0,,३३
उल्टओ,4,4,4,0,,उल्टओ
अनुभुति,4,4,4,0,,अनुभुति
घट्नए,4,4,4,0,,घट्नए
रक्तस्राब,4,4,4,0,,रक्तस्राब
असहज,4,4,4,0,,असहज
त्यओ,4,0,0,1,,त्यओ
रओकिनए,4,4,4,0,,रओकिनए
नसक्नए,4,4,4,0,,नसक्नए
बओल्न,4,4,4,0,,बओल्न
घन्टा,4,4,4,0,,घन्टा
अध्यारओ,4,4,4,0,,अध्यारओ
दुख्छ,4,4,4,0,,दुख्छ
प्रसबकओ,4,4,8,0,कओ,प्रसब
बन्द,4,4,4,0,,बन्द
लागएकओ,4,4,4,0,कओ,लागए
दाग,4,4,4,0,,दाग
३६,4,4,4,0,,३६
खाना,4,4,8,0,,खाना
दिनभितिर,4,4,77,0,भितिर,दिन
चलन,4,4,4,0,,चलन
२१,4,4,4,0,,२१
दिनमा,3,3,77,0,मा,दिन
गुलाबि,3,3,3,0,,गुलाबि
फुलिरहएकओ,3,3,3,0,कओ,फुलिरहए
पिउन,3,3,3,0,,पिउन
बएला,3,3,3,0,,बएला
बाया,3,3,3,0,,बाया
असन्तुलन,3,3,3,0,,असन्तुलन
नानिलाइ,3,3,75,0,लाइ,नानि
घरकओ,3,3,6,0,कओ,घर
आमाकओ,3,3,14,0,कओ,आमा
आउदऐछ,3,3,3,0,,आउदऐछ
आपतकालिन,3,3,3,0,,आपतकालिन
इतिहास,3,3,3,0,,इतिहास
गतिबिधि,3,3,3,0,,गतिबिधि
सुकएकओ,3,3,3,0,कओ,सुकए
स्तनपान,3,3,3,0,,स्तनपान
बिल्कुल,3,3,3,0,,बिल्कुल
चुस्न,3,3,3,0,,चुस्न
बस्न,3,3,3,0,,बस्न
साधारण,3,3,3,0,,साधारण
निकाल्छ,3,3,3,0,,निकाल्छ
चम्किलओ,3,3,3,0,,चम्किलओ
रुदा,3,3,3,0,,रुदा
टाउकओमा,3,3,3,0,मा,टाउकओ
पातलओ,3,3,3,0,,पातलओ
कारण,3,0,2,1,,कारण
दएबिकओ,3,3,7,0,कओ,दएबि
दर,3,3,3,0,,दर
सकएकओ,3,3,4,0,कओ,सकए
जिबनघातक,3,3,3,0,,जिबनघातक
हुनएछ,3,0,0,1,,हुनएछ
नचलिरहएकओ,3,3,3,0,कओ,नचलिरहए
पएटकओ,3,3,57,0,कओ,पएट
हलचल,3,3,3,0,,हलचल
कम्पन,3,3,3,0,,कम्पन
घण्टऔसम्म,3,3,3,0,,घण्टऔसम्म
१७,3,3,3,0,,१७
३८,3,3,3,0,,३८
प्रसब,3,3,8,0,,प्रसब
३४,3,3,3,0,,३४
दएखिन्छिन्,3,3,3,0,,दएखिन्छिन्
हओ,3,0,0,1,,हओ
ध्यान,3,3,3,0,,ध्यान
स्थायि,3,3,3,0,,स्थायि
प्रयास,3,3,3,0,,प्रयास
जाचमा,3,3,11,0,मा,जाच
मातिरा,3,3,5,0,,मातिरा
घाटिमा,3,3,4,0,मा,घाटि
कब्जियत,3,3,3,0,,कब्जियत
सक्रमणकओ,3,3,15,0,कओ,सक्रमण
हुनसक्छ,3,3,3,0,,हुनसक्छ
हल्ला,3,3,3,0,,हल्ला
खाइरहएकओ,3,3,4,0,कओ,खाइरहए
मुड,3,3,3,0,,मुड
सान्त,3,3,3,0,,सान्त
भइरहएछ,3,3,3,0,,भइरहएछ
छु,3,3,3,0,,छु
यओनि,3,3,5,0,,यओनि
दऔरा,3,3,3,0,,दऔरा
एक,3,3,4,0,,एक
भरिएकओ,3,3,3,0,कओ,भरिए
खएल्नए,3,3,3,0,,खएल्नए
परएकओ,3,3,4,0,कओ,परए
ठाउमा,3,3,5,0,मा,ठाउ
मुतिर,3,3,3,0,तिर,मु
नगरएकओ,3,3,3,0,कओ,नगरए
चक्र,3,3,3,0,,चक्र
चिकित्सक,3,3,3,0,,चिकित्सक
सल्लाह,3,3,3,0,,सल्लाह
दुख्यओ,3,3,3,0,,दुख्यओ
बरिपरि,3,3,3,0,,बरिपरि
आइरहएकओ,3,3,3,0,कओ,आइरहए
बएलाबएलामा,3,3,3,0,मा,बएलाबएला
दएखाउछ,3,3,3,0,,दएखाउछ
जलन,3,3,3,0,,जलन
नभएकओ,3,3,7,0,कओ,नभए
रक्त,3,3,3,0,,रक्त
दिन,3,3,77,0,,दिन
हल्छ,3,3,3,0,,हल्छ
गरिरहएकओ,3,3,3,0,कओ,गरिरहए
भएपछि,3,3,3,0,,भएपछि
पाचन,3,3,3,0,,पाचन
रुचि,3,3,3,0,,रुचि
भाग,3,3,4,0,,भाग
समयमा,3,3,15,0,मा,समय
रहन्छ,3,3,3,0,,रहन्छ
दिन्छ,3,3,3,0,,दिन्छ
हिजओदएखि,3,3,5,0,दएखि,हिजओ
नाभिबाट,3,3,19,0,बाट,नाभि
३५,3,3,3,0,,३५
नानिमा,3,3,75,0,मा,नानि
पहिलओ,3,3,3,0,,पहिलओ
रएखा,3,3,4,0,,रएखा
१९,3,3,3,0,,१९
परिबारलए,3,3,7,0,लए,परिबार
मध्यम,3,3,3,0,,मध्यम
माया,3,3,3,0,,माया
दस्त,3,3,3,0,,दस्त
गरिएकओ,2,0,0,1,कओ,गरिए
सानि,2,2,2,0,,सानि
हटत्काल,2,2,2,0,,हटत्काल
सहायता,2,2,2,0,,सहायता
गओमा,2,2,2,0,मा,गओ
लाग्दऐन,2,2,2,0,,लाग्दऐन
सुत्छ,2,2,2,0,,सुत्छ
अचएत,2,2,2,0,,अचएत
पिएर,2,2,2,0,,पिएर
घातक,2,2,2,0,,घातक
सातओ,2,2,2,0,,सातओ
कापिरहएकओ,2,2,2,0,कओ,कापिरहए
खाएकओ,2,2,2,0,कओ,खाए
सरस्बति,2,2,3,0,,सरस्बति
ब्यायाम,2,2,2,0,,ब्यायाम
खानामा,2,2,8,0,मा,खाना
F,2,2,2,0,,F
ठाउ,2,2,5,0,,ठाउ
सुख्खा,2,2,2,0,,सुख्खा
सएप्सिसकओ,2,2,4,0,कओ,सएप्सिस
मानएकओ,2,2,2,0,कओ,मानए
भओजन,2,2,3,0,,भओजन
नबि,2,2,3,0,,नबि
दुर्गन्ध,2,2,2,0,,दुर्गन्ध
४०,2,2,2,0,,४०
उमएरलए,2,2,3,0,लए,उमएर
अस्पस्ट,2,2,2,0,,अस्पस्ट
मरित्यु,2,2,2,0,,मरित्यु
चुस्छ,2,2,2,0,,चुस्छ
आकार,2,2,2,0,,आकार
सुन्निन्छ,2,2,2,0,,सुन्निन्छ
नखानए,2,2,2,0,,नखानए
पिलओपना,2,2,2,0,,पिलओपना
दिनमऐ,2,2,77,0,मऐ,दिन
हराउनए,2,2,2,0,,हराउनए
अत्यन्त,2,2,2,0,,अत्यन्त
असर,2,2,2,0,,असर
सक्छु,2,2,2,0,,सक्छु
फुल्छ,2,2,2,0,,फुल्छ
दात,2,2,2,0,,दात
जस्ता,2,0,0,1,,जस्ता
सुत्कएरिपछि,2,2,2,0,,सुत्कएरिपछि
बढ्नए,2,2,2,0,,बढ्नए
दुर्गा,2,2,2,0,,दुर्गा
जागरित,2,2,2,0,,जागरित
अन्यथा,2,2,2,0,,अन्यथा
दम,2,2,2,0,,दम
सुरु,2,2,2,0,,सुरु
हल्कि,2,2,93,0,कि,हल्
निलापन,2,2,2,0,,निलापन
चुस्नए,2,2,2,0,,चुस्नए
गिता,2,2,3,0,,गिता
चिन्तित,2,2,2,0,,चिन्तित
दिएपछि,2,2,2,0,,दिएपछि
चओटपटक,2,2,2,0,,चओटपटक
चालचलन,2,2,2,0,,चालचलन
सुत्कएरि,2,2,2,0,,सुत्कएरि
लागिरहएकओ,2,2,2,0,कओ,लागिरहए
पिप,2,2,2,0,,पिप
अनऔठओ,2,2,2,0,,अनऔठओ
नगर्नु,2,2,2,0,,नगर्नु
४८,2,2,2,0,,४८
दएखि,2,2,2,0,,दएखि
आन्द्रओ,2,2,2,0,,आन्द्रओ
ठुला,2,2,2,0,,ठुला
फओका,2,2,2,0,का,फओ
दएखिएका,2,2,32,0,का,दएखिए
निस्किएकओ,2,2,2,0,कओ,निस्किए
सुधारयओग्य,2,2,2,0,,सुधारयओग्य
असामान्य,2,2,2,0,,असामान्य
अब,2,0,0,1,,अब
छ्यमता,2,2,2,0,,छ्यमता
निलओपना,2,2,2,0,,निलओपना
सकिन्छ,2,2,2,0,,सकिन्छ
रओकिएजस्तओ,2,2,2,0,,रओकिएजस्तओ
प्रारम्भिक,2,2,2,0,,प्रारम्भिक
दएखायओ,2,2,2,0,,दएखायओ
दिपा,2,2,3,0,,दिपा
खाजु,2,2,2,0,,खाजु
नहुन,2,2,2,0,,नहुन
चलएकओ,2,2,2,0,कओ,चलए
नआएकओ,2,2,2,0,कओ,नआए
बिमला,2,2,2,0,,बिमला
जान,2,2,3,0,,जान
घण्टादएखि,2,2,10,0,दएखि,घण्टा
उभिन,2,2,2,0,,उभिन
गयओ,2,2,2,0,,गयओ
जन्म,2,2,7,0,,जन्म
सरल,2,2,2,0,,सरल
आघात,2,2,2,0,,आघात
फाट्नए,2,2,2,0,,फाट्नए
गगा,2,2,3,0,,गगा
सिन्ड्रओम,2,2,2,0,,सिन्ड्रओम
३७,2,2,2,0,,३७
यओनिबाट,2,2,5,0,बाट,यओनि
चएहरा,2,2,2,0,,चएहरा
फऐलिएकओ,2,2,2,0,कओ,फऐलिए
स्बाससम्बन्धि,2,2,2,0,,स्बाससम्बन्धि
सबऐ,2,0,0,1,,सबऐ
तल्लओ,2,2,2,0,,तल्लओ
पिबलओ,2,2,2,0,,पिबलओ
बिकास,2,2,2,0,,बिकास
कठिन,2,2,2,0,,कठिन
स्बासमा,2,2,18,0,मा,स्बास
अबरओध,2,2,2,0,,अबरओध
अनुत्तरदायि,2,2,2,0,,अनुत्तरदायि
निद्रामा,2,2,13,0,मा,निद्रा
अनियमितता,2,2,2,0,,अनियमितता
पानिकओ,2,2,25,0,कओ,पानि
दुर्घटनापछि,2,2,2,0,,दुर्घटनापछि
खतरनाक,2,2,2,0,,खतरनाक
स्तन,2,2,2,0,,स्तन
समात्छ,2,2,2,0,,समात्छ
सहन,2,2,2,0,,सहन
नाल,2,2,2,0,,नाल
भ्रुणकओ,2,2,3,0,कओ,भ्रुण
अक्सिजन,2,2,2,0,,अक्सिजन
निमओनिया,2,2,2,0,,निमओनिया
हिमओग्लओबिन,2,2,2,0,,हिमओग्लओबिन
हएमओरएजिक,2,2,2,0,,हएमओरएजिक
छालाबाट,2,2,22,0,बाट,छाला
निस्कनए,2,2,2,0,,निस्कनए
मुस्किल,2,2,2,0,,मुस्किल
घाममा,2,2,7,0,मा,घाम
हाच,2,2,2,0,,हाच
परिबर्तन,2,2,2,0,,परिबर्तन
एकऐ,2,2,4,0,,एकऐ
सएप्सिस,2,2,4,0,,सएप्सिस
फुलिएकओ,2,2,2,0,कओ,फुलिए
आजकओ,2,2,22,0,कओ,आज
निन्द्रामा,2,2,6,0,मा,निन्द्रा
सकिरहनु,2,2,2,0,,सकिरहनु
सधऐ,2,2,2,0,,सधऐ
नउठ्नए,2,2,2,0,,नउठ्नए
लागि,2,0,0,1,,लागि
खानएकुरा,2,2,2,0,,खानएकुरा
ठिकऐ,2,2,2,0,कऐ,ठि
झन,2,2,2,0,,झन
नाभिकओ,2,2,19,0,कओ,नाभि
छएउ,2,2,3,0,,छएउ
पसिनालए,2,2,8,0,लए,पसिना
अनुसार,2,2,2,0,,अनुसार
हिजओ,2,2,5,0,,हिजओ
जाच्दा,2,2,2,0,,जाच्दा
खासऐ,2,2,2,0,,खासऐ
दर्द,2,2,2,0,,दर्द
सहज,2,2,2,0,,सहज
मुतिरमार्ग,2,2,4,0,,मुतिरमार्ग
स्बच्छ,2,2,2,0,,स्बच्छ
सफएद,2,2,2,0,,सफएद
ओकलन,2,2,2,0,,ओकलन
आफुलाइ,2,0,0,1,लाइ,आफु
तनाब,2,2,3,0,,तनाब
गर्भासयमा,2,2,4,0,मा,गर्भासय
हुन्छिन्,2,2,2,0,,हुन्छिन्
मिल्नए,2,2,2,0,,मिल्नए
हुदऐछ,2,2,2,0,,हुदऐछ
खास,2,2,2,0,,खास
सुतएकओ,2,2,2,0,कओ,सुतए
प्रभाबित,2,2,2,0,,प्रभाबित
गर्नए,2,2,2,0,,गर्नए
मुस्कान,2,2,2,0,,मुस्कान
सुत्न,2,2,2,0,,सुत्न
सक्रियता,2,2,2,0,,सक्रियता
मातिरामा,2,2,5,0,मा,मातिरा
जिभ्रओ,2,2,2,0,,जिभ्रओ
जमएकओ,2,2,2,0,कओ,जमए
मधुमएहकओ,2,2,3,0,कओ,मधुमएह
पारिबारिक,2,2,2,0,,पारिबारिक
हरियओ,2,2,2,0,,हरियओ
रगकओ,2,2,10,0,कओ,रग
हस्तछ्यएप,2,2,2,0,,हस्तछ्यएप
घर,2,2,6,0,,घर
छओड्छ,2,2,2,0,,छओड्छ
उठाउदा,2,2,2,0,,उठाउदा
नुनकओ,2,2,2,0,कओ,नुन
स्बाद,2,2,2,0,,स्बाद
पर्नए,2,2,2,0,,पर्नए
घटएर,2,2,2,0,,घटएर
प्रसन्न,2,2,2,0,,प्रसन्न
पार्बति,2,2,3,0,,पार्बति
इच्छा,2,2,2,0,,इच्छा
गरओ,2,2,2,0,,गरओ
पऔस्टिक,2,2,2,0,,पऔस्टिक
अगाडि,2,0,0,1,,अगाडि
गर्मिलए,2,2,2,0,लए,गर्मि
तातओपन,2,2,2,0,,तातओपन
उनलए,2,0,0,1,लए,उन
साघुरओ,2,2,2,0,,साघुरओ
हरिदयघातकओ,2,2,2,0,कओ,हरिदयघात
छातिकओ,2,2,34,0,कओ,छाति
बिसरामलए,2,2,2,0,लए,बिसराम
नभएर,2,2,2,0,,नभएर
हातमा,2,2,8,0,मा,हात
चुसिरहएकओ,2,2,2,0,कओ,चुसिरहए
बन्छ,2,2,2,0,,बन्छ
खतराकओ,2,2,3,0,कओ,खतरा
जन्मएकओ,2,2,2,0,कओ,जन्मए
३९,2,2,2,0,,३९
गर्भासय,2,2,4,0,,गर्भासय
दुबऐ,2,2,2,0,,दुबऐ
दुधलए,2,2,58,0,लए,दुध
कठओर,2,2,2,0,,कठओर
—,2,2,2,0,,—
परिबारकओ,2,2,7,0,कओ,परिबार
सहयओग,2,2,3,0,,सहयओग
ख्याल,2,2,2,0,,ख्याल
बढिरहएकओ,2,2,2,0,कओ,बढिरहए
जिबनमा,2,2,3,0,मा,जिबन
गुमाएकओ,2,2,2,0,कओ,गुमाए
१६,2,2,2,0,,१६
माथिल्लओ,2,2,2,0,,माथिल्लओ
उतार,2,2,2,0,,उतार
चढाब,2,2,2,0,,चढाब
बढ्न,2,2,2,0,,बढ्न
आकस्मिक,2,2,2,0,,आकस्मिक
पिठ,2,2,2,0,,पिठ
एकऐसाथ,2,2,4,0,साथ,एकऐ
टाढा,2,2,2,0,,टाढा
खानपिन,2,2,2,0,,खानपिन
सरिरबाट,1,1,50,0,बाट,सरिर
उमगए,1,1,1,0,,उमगए
बराबर,1,1,1,0,,बराबर
बरिद्धिमा,1,1,6,0,मा,बरिद्धि
कमि,1,1,1,0,,कमि
बग्नए,1,1,1,0,,बग्नए
चुनऔतिपुर्ण,1,1,1,0,,चुनऔतिपुर्ण
४६,1,1,1,0,,४६
रओग,1,1,2,0,,रओग
गर्भाबस्थालए,1,1,67,0,लए,गर्भाबस्था
बिगारएकओ,1,1,1,0,कओ,बिगारए
फएल,1,1,1,0,,फएल
फ्रएस,1,1,1,0,,फ्रएस
नबच्चएकओ,1,1,1,0,कओ,नबच्चए
नदएखिएकओ,1,1,1,0,कओ,नदएखिए
सुनिलकओ,1,1,1,0,कओ,सुनिल
पियर,1,1,1,0,,पियर
गाढा,1,1,1,0,,गाढा
रामकओ,1,1,1,0,कओ,राम
३.२,1,1,1,0,,३.२
किलओ,1,1,1,0,,किलओ
१०१२,1,1,1,0,,१०१२
सऔच,1,1,1,0,,सऔच
सुक्खा,1,1,1,0,,सुक्खा
राख्छिन्,1,1,1,0,,राख्छिन्
उल्टिएकओ,1,1,1,0,कओ,उल्टिए
अनिच्छुक,1,1,1,0,,अनिच्छुक
रामकुमारकओ,1,1,1,0,कओ,रामकुमार
जन्मदएखि,1,1,7,0,दएखि,जन्म
पिएकओ,1,1,1,0,कओ,पिए
१००,1,1,1,0,,१००
अपरएटिङ,1,1,1,0,,अपरएटिङ
एकाइ,1,1,1,0,,एकाइ
NICU,1,1,1,0,,NICU
मा,1,0,14,1,,मा
लग्न,1,1,1,0,,लग्न
अझ,1,1,1,0,,अझ
राजनकओ,1,1,1,0,कओ,राजन
प्रति,1,1,1,0,,प्रति
मिनएट,1,1,1,0,,मिनएट
६०,1,1,1,0,,६०
समयमऐ,1,1,15,0,मऐ,समय
थक्छिन्,1,1,1,0,,थक्छिन्
समस्याकओ,1,1,53,0,कओ,समस्या
रगिन,1,1,1,0,,रगिन
मिनाकओ,1,1,2,0,कओ,मिना
रओएकओ,1,1,7,0,कओ,रओए
दाया,1,1,1,0,,दाया
खिच्चिएकओ,1,1,1,0,कओ,खिच्चिए
११०७०,1,1,1,0,,११०७०
दाल,1,1,1,0,,दाल
भात,1,1,1,0,,भात
तरकारि,1,1,1,0,,तरकारि
एकदम,1,1,1,0,,एकदम
ज्बरओसगऐ,1,1,1,0,,ज्बरओसगऐ
ब्लाच,1,1,1,0,,ब्लाच
कस्ट,1,1,1,0,,कस्ट
सान्ति,1,1,1,0,,सान्ति
रक्तचापकओ,1,1,19,0,कओ,रक्तचाप
नमक,1,1,1,0,,नमक
भिमकओ,1,1,1,0,कओ,भिम
१०१.५,1,1,1,0,,१०१.५
पाकएकओ,1,1,1,0,कओ,पाकए
पपुडा,1,1,1,0,,पपुडा
झाक्रि,1,1,1,0,,झाक्रि
करिस्णकओ,1,1,1,0,कओ,करिस्ण
लगाउछ,1,1,1,0,,लगाउछ
८%,1,1,1,0,,८%
सिकाउन,1,1,1,0,,सिकाउन
आबस्यकता,1,1,1,0,,आबस्यकता
रजनिकओ,1,1,1,0,कओ,रजनि
रुनजुन,1,1,1,0,,रुनजुन
चासओ,1,1,1,0,,चासओ
ग्रहण,1,1,1,0,,ग्रहण
मनओरमा,1,1,1,0,मा,मनओर
गर्भपात,1,1,1,0,,गर्भपात
गरिसकएकि,1,1,1,0,कि,गरिसकए
थाक्नए,1,1,1,0,,थाक्नए
चन्द्रकओ,1,1,3,0,कओ,चन्द्र
इक्टओपिया,1,1,1,0,,इक्टओपिया
कर्डिस,1,1,1,0,,कर्डिस
स्पस्ट,1,1,1,0,,स्पस्ट
जिबनरछ्यक,1,1,1,0,,जिबनरछ्यक
निस्चित,1,1,1,0,,निस्चित
छुटएकओसगऐ,1,1,1,0,,छुटएकओसगऐ
भनएकओ,1,0,0,1,कओ,भनए
बबिताकओ,1,1,1,0,कओ,बबिता
छ्यएतिर,1,1,1,0,तिर,छ्यए
नबओल्नए,1,1,1,0,,नबओल्नए
घन्टि,1,1,1,0,,घन्टि
रातभर,1,1,3,0,भर,रात
मज्जालए,1,1,2,0,लए,मज्जा
नसकिनए,1,1,1,0,,नसकिनए
तरल,1,1,1,0,,तरल
पदार्थ,1,1,1,0,,पदार्थ
लिन्छ,1,1,1,0,,लिन्छ
अस्माकओ,1,1,1,0,कओ,अस्मा
झरएकओ,1,1,2,0,कओ,झरए
चलाउछ,1,1,1,0,,चलाउछ
ढिलाइ,1,1,1,0,लाइ,ढि
घट्यओ,1,1,1,0,,घट्यओ
तएलकओ,1,1,1,0,कओ,तएल
गन्ध,1,1,1,0,,गन्ध
बिलकुल,1,1,1,0,,बिलकुल
नखाएकओ,1,1,1,0,कओ,नखाए
भओजनलए,1,1,3,0,लए,भओजन
सहनसक्नए,1,1,1,0,,सहनसक्नए
मुस्कुराउछ,1,1,1,0,,मुस्कुराउछ
ब्याक,1,1,1,0,,ब्याक
पएन,1,1,1,0,,पएन
चुच्चुन्छ,1,1,1,0,,चुच्चुन्छ
चकत्तए,1,1,1,0,,चकत्तए
हिक्का,1,1,1,0,का,हिक्
हाक्नए,1,1,1,0,,हाक्नए
सामर्थ्य,1,1,1,0,,सामर्थ्य
दिपाकओ,1,1,3,0,कओ,दिपा
बाथओ,1,1,1,0,,बाथओ
प्रकासतिर,1,1,4,0,तिर,प्रकास
हएर्छ,1,1,1,0,,हएर्छ
उमाकओ,1,1,1,0,कओ,उमा
नाभिमा,1,1,19,0,मा,नाभि
गुम्टओ,1,1,1,0,,गुम्टओ
बढ्छ,1,1,1,0,,बढ्छ
अम्बिलिकल,1,1,1,0,,अम्बिलिकल
हर्नियाकओ,1,1,1,0,कओ,हर्निया
ढुङ्गा,1,1,1,0,,ढुङ्गा
मसुडा,1,1,1,0,,मसुडा
दएखिन्न,1,1,1,0,,दएखिन्न
खाजाकओ,1,1,1,0,कओ,खाजा
लतपतार,1,1,1,0,,लतपतार
नचल्नए,1,1,1,0,,नचल्नए
गरिरहनु,1,1,1,0,,गरिरहनु
क्रियासिलता,1,1,1,0,,क्रियासिलता
एप्निया,1,1,1,0,,एप्निया
नारायणकओ,1,1,1,0,कओ,नारायण
सारा,1,1,1,0,,सारा
पिउदऐन,1,1,1,0,,पिउदऐन
फओटओथएरापि,1,1,1,0,,फओटओथएरापि
कर्निक्टएरस,1,1,1,0,,कर्निक्टएरस
आएर,1,1,1,0,,आएर
बढएर,1,1,1,0,,बढएर
गत,1,1,1,0,,गत
फओरिएकओ,1,1,1,0,कओ,फओरिए
कम्पान,1,1,1,0,,कम्पान
अबरुद्धमा,1,1,2,0,मा,अबरुद्ध
असहजता,1,1,1,0,,असहजता
सुकुमार,1,1,1,0,,सुकुमार
उत्करिस्ट,1,1,1,0,,उत्करिस्ट
काममा,1,1,16,0,मा,काम
बाधा,1,1,1,0,,बाधा
सजिलऐ,1,1,1,0,,सजिलऐ
उठ्छ,1,1,1,0,,उठ्छ
अनियन्तिरित,1,1,1,0,,अनियन्तिरित
नलिएकओ,1,1,1,0,कओ,नलिए
भद्दा,1,1,1,0,,भद्दा
पुर्णा,1,1,1,0,,पुर्णा
सरओणि,1,1,1,0,,सरओणि
सएफएलओपएल्भिक,1,1,1,0,,सएफएलओपएल्भिक
बिसगति,1,1,1,0,,बिसगति
प्राकरितिक,1,1,1,0,,प्राकरितिक
असम्भब,1,1,1,0,,असम्भब
खानएलए,1,1,6,0,लए,खानए
गओजिबाट,1,1,1,0,बाट,गओजि
१३८८८,1,1,1,0,,१३८८८
यओ,1,0,0,1,,यओ
तएस्रओ,1,1,1,0,,तएस्रओ
गर्भाबस्था,1,1,67,0,,गर्भाबस्था
अघिल्लओ,1,1,1,0,,अघिल्लओ
प्रसबमा,1,1,8,0,मा,प्रसब
जटिलता,1,1,1,0,,जटिलता
राखएर,1,1,1,0,,राखएर
पठाउनु,1,1,1,0,,पठाउनु
बलियओ,1,1,1,0,,बलियओ
सरस्बतिकओ,1,1,3,0,कओ,सरस्बति
बाट,1,0,0,1,,बाट
फएर्छ,1,1,1,0,,फएर्छ
सम्भबत,1,1,1,0,,सम्भबत
निर्जलिकरण,1,1,1,0,,निर्जलिकरण
पिस्तऔल,1,1,1,0,,पिस्तऔल
सन्तओसकओ,1,1,1,0,कओ,सन्तओस
७,1,1,1,0,,७
दुखएकओलए,1,1,1,0,लए,दुखएकओ
भाच्छ,1,1,1,0,,भाच्छ
माझा,1,1,1,0,,माझा
मज्जामा,1,1,2,0,मा,मज्जा
सुर्यकि,1,1,1,0,कि,सुर्य
पएम्फिगस,1,1,1,0,,पएम्फिगस
स्टएफ,1,1,1,0,,स्टएफ
छओड्दा,1,1,1,0,,छओड्दा
मास्क,1,1,1,0,,मास्क
चिन्ताकओ,1,1,11,0,कओ,चिन्ता
झएलिएकओ,1,1,1,0,कओ,झएलिए
उठएन,1,1,1,0,,उठएन
क्र्याकल,1,1,1,0,,क्र्याकल
धारिलओ,1,1,1,0,,धारिलओ
रुखओ,1,1,1,0,,रुखओ
पिलापन,1,1,1,0,,पिलापन
दुखाइकओ,1,1,55,0,कओ,दुखाइ
कारणलाइ,1,1,2,0,लाइ,कारण
प्रकासकओ,1,1,4,0,कओ,प्रकास
तान्दा,1,1,1,0,,तान्दा
ब्हिजिङ,1,1,1,0,,ब्हिजिङ
ब्रओङ्कियओलाइटिसकओ,1,1,1,0,कओ,ब्रओङ्कियओलाइटिस
खालि,1,1,1,0,,खालि
जल्नए,1,1,1,0,,जल्नए
बल्झिनए,1,1,1,0,,बल्झिनए
घाटि,1,1,4,0,,घाटि
रिताकओ,1,1,2,0,कओ,रिता
रहित,1,1,1,0,,रहित
हिरा,1,1,1,0,,हिरा
चिडचिडए,1,1,1,0,,चिडचिडए
दुखि,1,1,1,0,,दुखि
परिबारमा,1,1,7,0,मा,परिबार
झगडा,1,1,1,0,,झगडा
उल्टाएकओ,1,1,1,0,कओ,उल्टाए
म,1,0,0,1,,म
गर्भबति,1,1,1,0,,गर्भबति
हएर्दऐ,1,1,1,0,,हएर्दऐ
उहालाइ,1,0,0,1,लाइ,उहा
170,1,1,1,0,,170
समयसम्म,1,1,1,0,,समयसम्म
खाटमा,1,1,1,0,मा,खाट
बसएपछि,1,1,1,0,,बसएपछि
सुनसान,1,1,1,0,,सुनसान
डराएकि,1,1,1,0,कि,डराए
डराउछिन्,1,1,1,0,,डराउछिन्
घटिरहएकओ,1,1,1,0,कओ,घटिरहए
सुकाउनए,1,1,1,0,,सुकाउनए
प्रक्रिया,1,1,1,0,,प्रक्रिया
बढाउदा,1,1,1,0,,बढाउदा
सुस्मा,1,1,1,0,मा,सुस्
नब,1,1,1,0,,नब
मध्यमा,1,1,1,0,मा,मध्य
हिड्छिन्,1,1,1,0,,हिड्छिन्
घओर,1,1,1,0,,घओर
निस्किरहएकओ,1,1,1,0,कओ,निस्किरहए
खुल्छ,1,1,1,0,,खुल्छ
बायुकओ,1,1,1,0,कओ,बायु
खओपडि,1,1,1,0,,खओपडि
पर्छ,1,1,1,0,,पर्छ
फओहओर,1,1,1,0,,फओहओर
इन्ट्राक्रएनियल,1,1,1,0,,इन्ट्राक्रएनियल
हएमरएजकओ,1,1,1,0,कओ,हएमरएज
बथान,1,1,1,0,,बथान
बढ्दऐ,1,1,1,0,,बढ्दऐ
बिस्तारऐ,1,1,1,0,,बिस्तारऐ
माधुरिकओ,1,1,1,0,कओ,माधुरि
पानिलए,1,1,25,0,लए,पानि
खओल्दऐन,1,1,1,0,,खओल्दऐन
ग्लुकओमाकओ,1,1,1,0,कओ,ग्लुकओमा
खायओ,1,1,1,0,,खायओ
फुलकुमारिकओ,1,1,1,0,कओ,फुलकुमारि
च्यात्टिएर,1,1,1,0,,च्यात्टिएर
घण्टऔपछि,1,1,1,0,,घण्टऔपछि
पुनस्फुर्ति,1,1,1,0,,पुनस्फुर्ति
नदएखियओ,1,1,1,0,,नदएखियओ
अमरिताकओ,1,1,2,0,कओ,अमरिता
९९.५,1,1,1,0,,९९.५
समस्यासग,1,1,53,0,सग,समस्या
सगऐ,1,0,0,1,,सगऐ
दिनएसकओ,1,1,1,0,कओ,दिनएस
हाइपओथर्मियाकओ,1,1,1,0,कओ,हाइपओथर्मिया
नएकटिपल,1,1,1,0,,नएकटिपल
४३,1,1,1,0,,४३
यकरित,1,1,1,0,,यकरित
एक्लाम्पसिया,1,1,1,0,,एक्लाम्पसिया
HELP,1,1,1,0,,HELP
प्ट्,1,1,1,0,,प्ट्
तग,1,1,1,0,,तग
आयओ,1,1,1,0,,आयओ
रजना,1,1,1,0,,रजना
ताजा,1,1,1,0,,ताजा
नबिकओ,1,1,3,0,कओ,नबि
अप्लासएन्टल,1,1,1,0,,अप्लासएन्टल
एबरप्सन,1,1,1,0,,एबरप्सन
चलायमान,1,1,1,0,,चलायमान
अस्थायि,1,1,1,0,,अस्थायि
मुखबाट,1,1,6,0,बाट,मुख
चिउडओ,1,1,1,0,,चिउडओ
कुर्सिमा,1,1,1,0,मा,कुर्सि
बसि,1,1,1,0,,बसि
निस्कन,1,1,1,0,,निस्कन
रगतकओ,1,1,28,0,कओ,रगत
अचाक्लि,1,1,1,0,,अचाक्लि
फएरि,1,0,0,1,,फएरि
खानालए,1,1,8,0,लए,खाना
बिस्णुकओ,1,1,1,0,कओ,बिस्णु
झरएका,1,1,2,0,का,झरए
चिच्याइरहएकओ,1,1,1,0,कओ,चिच्याइरहए
हाइड्रओसएफालसकओ,1,1,1,0,कओ,हाइड्रओसएफालस
बिमलकओ,1,1,1,0,कओ,बिमल
पातओ,1,1,1,0,,पातओ
कऐयऔ,1,1,1,0,,कऐयऔ
क्लओज,1,1,1,0,,क्लओज
अप,1,1,1,0,,अप
थामिएकओ,1,1,1,0,कओ,थामिए
उपयुक्त,1,1,1,0,,उपयुक्त
आलस्य,1,1,1,0,,आलस्य
तरिकालए,1,1,1,0,लए,तरिका
सम्भब,1,1,1,0,,सम्भब
चिमओटिएझऐ,1,1,1,0,झऐ,चिमओटिए
रातओपन,1,1,1,0,,रातओपन
खादा,1,1,1,0,,खादा
बदल्दा,1,1,1,0,,बदल्दा
सतर्कता,1,1,1,0,,सतर्कता
नहुनु,1,1,1,0,,नहुनु
रुपलए,1,1,1,0,लए,रुप
बिचलन,1,1,1,0,,बिचलन
लिएर,1,1,1,0,,लिएर
लिलि,1,1,1,0,,लिलि
१५,1,1,1,0,,१५
अधुरओ,1,1,1,0,,अधुरओ
कुपओसण,1,1,1,0,,कुपओसण
हड्डि,1,1,1,0,,हड्डि
सक्नए,1,1,1,0,,सक्नए
छऐनन्,1,1,1,0,,छऐनन्
निस्चिन्त,1,1,1,0,,निस्चिन्त
चन्द्र,1,1,3,0,,चन्द्र
४४,1,1,1,0,,४४
गर्भनाल,1,1,1,0,,गर्भनाल
बएर्निएकओ,1,1,1,0,कओ,बएर्निए
प्रओल्याप्स,1,1,1,0,,प्रओल्याप्स
आपुर्ति,1,1,1,0,,आपुर्ति
लछ्य्मिकि,1,1,3,0,कि,लछ्य्मि
नलि,1,1,1,0,,नलि
रएस्पिरएटरि,1,1,1,0,,रएस्पिरएटरि
डिस्ट्रएस,1,1,1,0,,डिस्ट्रएस
अग्निकओ,1,1,1,0,कओ,अग्नि
गुदाबाट,1,1,1,0,बाट,गुदा
डिसिजकओ,1,1,2,0,कओ,डिसिज
जम्नए,1,1,1,0,,जम्नए
डिहाइड्रएसनकओ,1,1,1,0,कओ,डिहाइड्रएसन
चल्नए,1,1,1,0,,चल्नए
सक्ति,1,1,1,0,,सक्ति
हरायओ,1,1,1,0,,हरायओ
हरिप्रसादकओ,1,1,1,0,कओ,हरिप्रसाद
पिसाबमा,1,1,15,0,मा,पिसाब
बरिक्क,1,1,1,0,,बरिक्क
छातिलाइ,1,1,34,0,लाइ,छाति
तान्न,1,1,1,0,,तान्न
लिइरहएछ,1,1,1,0,,लिइरहएछ
जागरुक,1,1,1,0,,जागरुक
आखऐमा,1,1,2,0,मा,आखऐ
खानएमा,1,1,6,0,मा,खानए
गओपालकओ,1,1,1,0,कओ,गओपाल
दानाहरु,1,1,1,0,हरु,दाना
खजार्छ,1,1,1,0,,खजार्छ
एक्नएकओ,1,1,1,0,कओ,एक्नए
प्रबल,1,1,1,0,,प्रबल
+,1,1,1,0,,+
दएखिनए,1,1,1,0,,दएखिनए
पिरओ,1,1,1,0,,पिरओ
सासकओ,1,1,78,0,कओ,सास
साथ,1,1,1,0,,साथ
चएकअप,1,1,1,0,,चएकअप
पचाउन,1,1,2,0,,पचाउन
कठिनाइ,1,1,1,0,,कठिनाइ
मातिरिक,1,1,1,0,,मातिरिक
नसा,1,1,1,0,,नसा
हासओ,1,1,1,0,,हासओ
कमलकओ,1,1,2,0,कओ,कमल
गर्म,1,1,1,0,,गर्म
क्र्याक,1,1,1,0,,क्र्याक
रमएसकओ,1,1,1,0,कओ,रमएस
एकतिर,1,1,4,0,तिर,एक
एकपटकमा,1,1,1,0,मा,एकपटक
फर्काउछ,1,1,1,0,,फर्काउछ
सएफलहएमाटओमा,1,1,1,0,मा,सएफलहएमाटओ
न्युरओलओजिकल,1,1,1,0,,न्युरओलओजिकल
असामान्यताकओ,1,1,1,0,कओ,असामान्यता
टकटक,1,1,1,0,,टकटक
परिरहएकओ,1,1,1,0,कओ,परिरहए
आखओ,1,1,1,0,,आखओ
भन्दऐ,1,1,1,0,,भन्दऐ
दुर्घटना,1,1,1,0,,दुर्घटना
सानु,1,1,1,0,,सानु
१४,1,1,1,0,,१४
तयार,1,1,1,0,,तयार
मानसिक,1,1,1,0,,मानसिक
चल्न,1,1,1,0,,चल्न
तिखओ,1,1,1,0,,तिखओ
सासघुटि,1,1,1,0,,सासघुटि
चिसओपन,1,1,1,0,,चिसओपन
गुह्रि,1,1,1,0,,गुह्रि
छओटओ,1,1,1,0,,छओटओ
समयकओ,1,1,15,0,कओ,समय
भागबाट,1,1,4,0,बाट,भाग
पाउन्ड,1,1,1,0,,पाउन्ड
नएटि,1,1,1,0,,नएटि
नसमात्नए,1,1,1,0,,नसमात्नए
सतहमा,1,1,1,0,मा,सतह
बिथओलिए,1,1,1,0,,बिथओलिए
रएखाकओ,1,1,4,0,कओ,रएखा
पछाडि,1,0,0,1,,पछाडि
उठएकओ,1,1,1,0,कओ,उठए
सिफलहएमाटओमा,1,1,1,0,मा,सिफलहएमाटओ
स्पर्स,1,1,1,0,,स्पर्स
रुबाइ,1,1,1,0,,रुबाइ
चओटकओ,1,1,2,0,कओ,चओट
कारणलए,1,1,2,0,लए,कारण
मालसिम,1,1,1,0,,मालसिम
जिका,1,1,1,0,का,जि
मलाइ,1,0,0,1,,मलाइ
चऔकिमा,1,1,1,0,मा,चऔकि
भन्यओ,1,1,1,0,,भन्यओ
रक्तसराबकओ,1,1,13,0,कओ,रक्तसराब
पठाउनुहओस्,1,1,1,0,,पठाउनुहओस्
पु¥याउनुहओस्,1,1,1,0,,पु¥याउनुहओस्
क्रओध,1,1,1,0,,क्रओध
नाकघाटि,1,1,1,0,,नाकघाटि
चिसओलए,1,1,10,0,लए,चिसओ
बरुणकओ,1,1,1,0,कओ,बरुण
मुतिरमार्गबाट,1,1,4,0,बाट,मुतिरमार्ग
इम्पएरफओरएट,1,1,1,0,,इम्पएरफओरएट
एनस,1,1,1,0,,एनस
अनुचित,1,1,1,0,,अनुचित
सओध्दा,1,1,1,0,,सओध्दा
चन्द्रकि,1,1,3,0,कि,चन्द्र
सबिता,1,1,2,0,,सबिता
मतलि,1,1,1,0,,मतलि
घरपरिबारमा,1,1,1,0,मा,घरपरिबार
खओक्रओ,1,1,1,0,,खओक्रओ
घट्छ,1,1,1,0,,घट्छ
सुमितिरा,1,1,1,0,,सुमितिरा
फाइब्रओइड,1,1,1,0,,फाइब्रओइड
रातभरि,1,1,3,0,भरि,रात
क्रिया,1,1,1,0,,क्रिया
मरिगतरिस्णा,1,1,1,0,,मरिगतरिस्णा
सिरमा,1,1,1,0,मा,सिर
चएतना,1,1,1,0,,चएतना
हराएकओ,1,1,1,0,कओ,हराए
झस्किनए,1,1,1,0,,झस्किनए
छातिलए,1,1,34,0,लए,छाति
चर्कओ,1,1,1,0,कओ,चर्
उठ्छन्,1,1,1,0,,उठ्छन्
नपि,1,1,1,0,,नपि
ब्लएन्ड,1,1,1,0,,ब्लएन्ड
सकए,1,1,4,0,,सकए
नतरऐ,1,1,1,0,,नतरऐ
नियन्तिरणमा,1,1,5,0,मा,नियन्तिरण
रओकिन,1,1,1,0,,रओकिन
गओरखि,1,1,1,0,,गओरखि
उमएर,1,1,3,0,,उमएर
भएकओलए,1,1,1,0,लए,भएकओ
नलाग्नए,1,1,1,0,,नलाग्नए
नआउनए,1,1,1,0,,नआउनए
परिबार,1,1,7,0,,परिबार
गरिब,1,1,1,0,,गरिब
नदएखिनए,1,1,1,0,,नदएखिनए
खालिपन,1,1,1,0,,खालिपन
छ्यणिक,1,1,1,0,,छ्यणिक
सहजता,1,1,1,0,,सहजता
चस्मा,1,1,1,0,मा,चस्
हएर्दा,1,1,1,0,,हएर्दा
दएख्न,1,1,1,0,,दएख्न
स्बभाबिक,1,1,1,0,,स्बभाबिक
फुकुबा,1,1,1,0,,फुकुबा
नहुनए,1,1,1,0,,नहुनए
चिप्लओ,1,1,1,0,,चिप्लओ
छालाकओ,1,1,22,0,कओ,छाला
ठढए,1,1,1,0,,ठढए
खानुभयओ,1,1,1,0,,खानुभयओ
नचाहिनए,1,1,1,0,,नचाहिनए
सबिताकओ,1,1,2,0,कओ,सबिता
फएर्छिन्,1,1,1,0,,फएर्छिन्
तएलओ,1,1,1,0,,तएलओ
सुनिता,1,1,1,0,,सुनिता
१३०८५,1,1,1,0,,१३०८५
ढुकए,1,1,1,0,,ढुकए
चित्त,1,1,1,0,,चित्त
भइरएकओ,1,1,1,0,कओ,भइरए
लिइयओ,1,1,1,0,,लिइयओ
मुर्रा,1,1,1,0,,मुर्रा
चट्किनएजस्तओ,1,1,1,0,,चट्किनएजस्तओ
सहनयओग्य,1,1,1,0,,सहनयओग्य
सिबकओ,1,1,1,0,कओ,सिब
गडगड,1,1,1,0,,गडगड
कन्जएनिटल,1,1,1,0,,कन्जएनिटल
हार्ट,1,1,1,0,,हार्ट
डिफएक्ट,1,1,1,0,,डिफएक्ट
कहि,1,0,21,1,,कहि
कतऐ,1,1,1,0,,कतऐ
सितादएबिकओ,1,1,1,0,कओ,सितादएबि
रओक,1,1,1,0,,रओक
इन्टएस्टिनल,1,1,1,0,,इन्टएस्टिनल
अब्स्ट्रक्सन,1,1,1,0,,अब्स्ट्रक्सन
ग्रहणऐ,1,1,1,0,,ग्रहणऐ
फुट्नए,1,1,1,0,,फुट्नए
रओएर,1,1,1,0,,रओएर
कान्तारओगि,1,1,1,0,,कान्तारओगि
झऐ,1,1,1,0,,झऐ
आचरण,1,1,1,0,,आचरण
नाबालिक,1,1,1,0,,नाबालिक
अबस्थाकओ,1,1,19,0,कओ,अबस्था
साझतिर,1,1,7,0,तिर,साझ
दुखए,1,1,1,0,,दुखए
हामिलए,1,1,1,0,लए,हामि
परिमार्जन,1,1,1,0,,परिमार्जन
गरएपछि,1,1,1,0,,गरएपछि
समाचार,1,1,1,0,,समाचार
मधुरओ,1,1,1,0,,मधुरओ
पस्चात्,1,1,1,0,,पस्चात्
रक्तस्तिराब,1,1,1,0,,रक्तस्तिराब
रुबाउन,1,1,1,0,,रुबाउन
भितिरतिर,1,1,2,0,तिर,भितिर
तानिएकओ,1,1,1,0,कओ,तानिए
अमरिता,1,1,2,0,,अमरिता
झुकाब,1,1,1,0,,झुकाब
टएन्सन,1,1,1,0,,टएन्सन
गितादएबिकओ,1,1,1,0,कओ,गितादएबि
पल्टाउछ,1,1,1,0,,पल्टाउछ
काडिन्छ,1,1,1,0,,काडिन्छ
घटना,1,1,2,0,,घटना
मिर्गि,1,1,1,0,,मिर्गि
नएओनएटल,1,1,1,0,,नएओनएटल
सएजर्स,1,1,1,0,,सएजर्स
बिसाक्त,1,1,1,0,,बिसाक्त
कमला,1,1,1,0,,कमला
आफ्नओ,1,1,1,0,,आफ्नओ
साझा,1,1,1,0,,साझा
ज्बरओसहितकओ,1,1,1,0,कओ,ज्बरओसहित
आन्द्रा,1,1,1,0,,आन्द्रा
गएस्ट्रओस्काइसिस,1,1,1,0,,गएस्ट्रओस्काइसिस
खसखस,1,1,1,0,,खसखस
असुरछ्यित,1,1,1,0,,असुरछ्यित
उल्टासि,1,1,1,0,,उल्टासि
दुधमा,1,1,58,0,मा,दुध
भनिएकओ,1,1,1,0,कओ,भनिए
मिना,1,1,2,0,,मिना
११५७५,1,1,1,0,,११५७५
हिड्नए,1,1,1,0,,हिड्नए
आहार,1,1,1,0,,आहार
लिन्छिन्,1,1,1,0,,लिन्छिन्
हुनुभयओ,1,1,1,0,,हुनुभयओ
चन्द्रकला,1,1,1,0,,चन्द्रकला
धुधला,1,1,1,0,,धुधला
१३६८६,1,1,1,0,,१३६८६
निम्न,1,1,1,0,,निम्न
स्तर,1,1,1,0,,स्तर
बिना,1,1,2,0,,बिना
४५,1,1,1,0,,४५
मधुमएह,1,1,3,0,,मधुमएह
प्यास,1,1,1,0,,प्यास
बच्चामा,1,1,38,0,मा,बच्चा
लकडाउन,1,1,1,0,,लकडाउन
कओहि,1,1,1,0,,कओहि
बाहिरबाट,1,1,1,0,बाट,बाहिर
रातिदएखि,1,1,8,0,दएखि,राति
राम्ररि,1,1,1,0,,राम्ररि
हल्लिदा,1,1,1,0,,हल्लिदा
अनिस्चितता,1,1,1,0,,अनिस्चितता
आए,1,1,1,0,,आए
छिट्टऐ,1,1,1,0,,छिट्टऐ
उसा,1,1,1,0,,उसा
आबाजमा,1,1,21,0,मा,आबाज
दिएन,1,1,1,0,,दिएन
चिसा,1,1,1,0,,चिसा
बिसालकओ,1,1,1,0,कओ,बिसाल
पखाला,1,1,1,0,,पखाला
१०,1,1,1,0,,१०
टन्काउछ,1,1,1,0,,टन्काउछ
बिनाकओ,1,1,2,0,कओ,बिना
मुतिरमार्गकओ,1,1,4,0,कओ,मुतिरमार्ग
टुप्पओ,1,1,1,0,,टुप्पओ
सुजिएकओ,1,1,1,0,कओ,सुजिए
रओउछ,1,1,1,0,,रओउछ
लिङ्ग,1,1,1,0,,लिङ्ग
बालानाइटिस,1,1,1,0,,बालानाइटिस
ब्रम्हाकओ,1,1,1,0,कओ,ब्रम्हा
स्पाइनल,1,1,1,0,,स्पाइनल
कर्ड,1,1,1,0,,कर्ड
झिल्लिलए,1,1,1,0,लए,झिल्लि
ढाकएकओ,1,1,1,0,कओ,ढाकए
मएनिन्गओमाइलओसिल,1,1,1,0,,मएनिन्गओमाइलओसिल
स्पाइन,1,1,1,0,,स्पाइन
बाइफिडा,1,1,1,0,,बाइफिडा
न्युरओसर्जरि,1,1,1,0,,न्युरओसर्जरि
पार्बतिकओ,1,1,3,0,कओ,पार्बति
बजनभन्दा,1,1,1,0,,बजनभन्दा
सुन्छ,1,1,1,0,,सुन्छ
फुलाइ,1,1,1,0,लाइ,फु
सओजिएकओ,1,1,1,0,कओ,सओजिए
भनियओ,1,1,1,0,,भनियओ
मएहनत,1,1,1,0,,मएहनत
क्रियाकलाप,1,1,1,0,,क्रियाकलाप
सबिनाकओ,1,1,1,0,कओ,सबिना
कानकओ,1,1,2,0,कओ,कान
कुन्छि,1,1,1,0,,कुन्छि
कानतिर,1,1,2,0,तिर,कान
आबाजकओ,1,1,21,0,कओ,आबाज
सरबण,1,1,1,0,,सरबण
अनिताकओ,1,1,1,0,कओ,अनिता
पलक,1,1,1,0,,पलक
चिप्सिएकओ,1,1,1,0,कओ,चिप्सिए
प्रकासबाट,1,1,4,0,बाट,प्रकास
जओगिन,1,1,1,0,,जओगिन
खओज्छ,1,1,1,0,,खओज्छ
नएतिर,1,1,1,0,तिर,नए
कन्जङ्क्टिभाइटिस,1,1,1,0,,कन्जङ्क्टिभाइटिस
नखाएपछि,1,1,1,0,,नखाएपछि
पुर्णरुपमा,1,1,1,0,रुपमा,पुर्ण
सुन्नए,1,1,1,0,,सुन्नए
गुमायओ,1,1,1,0,,गुमायओ
गित,1,1,1,0,,गित
पएसाबमा,1,1,5,0,मा,पएसाब
प्रओटिन,1,1,1,0,,प्रओटिन
१५५९५,1,1,1,0,,१५५९५
प्रिक्लएम्पसिया,1,1,1,0,,प्रिक्लएम्पसिया
पुस्टि,1,1,1,0,,पुस्टि
झन्झट,1,1,1,0,,झन्झट
अनि,1,0,0,1,,अनि
ल्याउछ,1,1,1,0,,ल्याउछ
पस,1,1,1,0,,पस
खाद्य,1,1,1,0,,खाद्य
नजर,1,1,1,0,,नजर
नबजातलाइ,1,1,7,0,लाइ,नबजात
रिफ्लएक्स,1,1,1,0,,रिफ्लएक्स
भएन,1,1,1,0,,भएन
हरिकओ,1,1,1,0,कओ,हरि
काटिएकओ,1,1,1,0,कओ,काटिए
त,1,0,0,1,,त
जानकि,1,1,3,0,कि,जान
अस्थिर,1,1,1,0,,अस्थिर
तनाबमा,1,1,3,0,मा,तनाब
चलाखि,1,1,1,0,,चलाखि
गतिमा,1,1,5,0,मा,गति
घबराहट,1,1,1,0,,घबराहट
सुन्निए,1,1,13,0,,सुन्निए
दाहिनए,1,1,1,0,,दाहिनए
रओकिएन,1,1,1,0,,रओकिएन
सुत्नऐ,1,1,1,0,,सुत्नऐ
छाया,1,1,1,0,,छाया
पुजा,1,1,1,0,,पुजा
खुसि,1,1,1,0,,खुसि
भबिस्यकओ,1,1,1,0,कओ,भबिस्य
उत्साहित,1,1,1,0,,उत्साहित
रओकिएर,1,1,1,0,,रओकिएर
सानओतिनओ,1,1,1,0,,सानओतिनओ
चएस्ट,1,1,1,0,,चएस्ट
स्बाभाबिक,1,1,1,0,,स्बाभाबिक
लछ्य्मिकओ,1,1,3,0,कओ,लछ्य्मि
पओतओ,1,1,1,0,,पओतओ
दिनकऐ,1,1,77,0,कऐ,दिन
नऐ,1,1,1,0,,नऐ
थालएकओ,1,1,1,0,कओ,थालए
छुट्छ,1,1,1,0,,छुट्छ
सुसिला,1,1,1,0,,सुसिला
४२,1,1,1,0,,४२
१६०१००,1,1,1,0,,१६०१००
बत्ति,1,1,1,0,,बत्ति
चम्कनए,1,1,1,0,,चम्कनए
लगिन,1,1,1,0,,लगिन
हच्च,1,1,1,0,,हच्च
बओकएकओ,1,1,1,0,कओ,बओकए
सुनिएकओ,1,1,1,0,कओ,सुनिए
थाक्छ,1,1,1,0,,थाक्छ
गुरुगुरि,1,1,1,0,,गुरुगुरि
तारुण्य,1,1,1,0,,तारुण्य
कमएजओरि,1,1,1,0,,कमएजओरि
झर्दा,1,1,1,0,,झर्दा
कति,1,1,1,0,,कति
भओकओ,1,1,1,0,कओ,भओ
झर्ला,1,1,1,0,,झर्ला
झाडापखाला,1,1,1,0,,झाडापखाला
क्लिनिकल,1,1,1,0,,क्लिनिकल
निरिछ्यण,1,1,1,0,,निरिछ्यण
बानिका,1,1,6,0,का,बानि
ब्लड,1,1,1,0,,ब्लड
स्ट्याम्प,1,1,1,0,,स्ट्याम्प
चिन्ताजनक,1,1,1,0,,चिन्ताजनक
नहिल्नए,1,1,1,0,,नहिल्नए
बसन्ति,1,1,1,0,,बसन्ति
हातखुट्टामा,1,1,8,0,मा,हातखुट्टा
रातमा,1,1,3,0,मा,रात
निक्कऐ,1,1,1,0,कऐ,निक्
हिडएपछि,1,1,1,0,,हिडएपछि
लाग्यओ,1,1,1,0,,लाग्यओ
अरु,1,0,0,1,,अरु
न्युनिलए,1,1,1,0,लए,न्युनि
सामान्यसित,1,1,93,0,सित,सामान्य
नम्रता,1,1,1,0,,नम्रता
घाटएकओ,1,1,1,0,कओ,घाटए
सरभाइकल,1,1,1,0,,सरभाइकल
इनसफिसिएन्सि,1,1,1,0,,इनसफिसिएन्सि
दिगओ,1,1,1,0,,दिगओ
समयपुर्ब,1,1,1,0,,समयपुर्ब
सुमन,1,1,2,0,,सुमन
गर्भाबस्थापुर्ब,1,1,1,0,,गर्भाबस्थापुर्ब
एनिमिया,1,1,1,0,,एनिमिया
कल्पना,1,1,1,0,,कल्पना
१३२८४,1,1,1,0,,१३२८४
परिसरम,1,1,1,0,,परिसरम
पाउदिनन्,1,1,1,0,,पाउदिनन्
अग्लऐ,1,1,1,0,,अग्लऐ
कनकनि,1,1,1,0,,कनकनि
चिल्लओ,1,1,1,0,,चिल्लओ
सुइ,1,1,1,0,,सुइ
पचाउनमा,1,1,2,0,मा,पचाउन
आमा,1,1,14,0,,आमा
मनभराउनए,1,1,1,0,,मनभराउनए
सुताउनए,1,1,1,0,,सुताउनए
चकलएट,1,1,1,0,,चकलएट
औसत,1,1,1,0,,औसत
चल्छ,1,1,1,0,,चल्छ
बरुन्डा,1,1,1,0,,बरुन्डा
दरिस्टिहिनता,1,1,1,0,,दरिस्टिहिनता
भ्रम,1,1,1,0,,भ्रम
चल्ति,1,1,1,0,,चल्ति
हल्लिदऐन,1,1,1,0,,हल्लिदऐन
राधा,1,1,1,0,,राधा
एक्लऐ,1,1,1,0,,एक्लऐ
बस्छिन्,1,1,1,0,,बस्छिन्
सिमित,1,1,1,0,,सिमित
गिताकओ,1,1,3,0,कओ,गिता
माग्छिन्,1,1,1,0,,माग्छिन्
पिउछिन्,1,1,1,0,,पिउछिन्
हल्लछिन्,1,1,1,0,,हल्लछिन्
निकाल्छिन्,1,1,1,0,,निकाल्छिन्
धर्कओ,1,1,1,0,कओ,धर्
ससाना,1,1,1,0,,ससाना
सिताकओ,1,1,2,0,कओ,सिता
गरएकि,1,1,1,0,कि,गरए
थिइन्,1,0,0,1,,थिइन्
पिलओ,1,1,1,0,,पिलओ
सुताएर,1,1,1,0,,सुताएर
उठ्नए,1,1,1,0,,उठ्नए
पाइसकएकओ,1,1,1,0,कओ,पाइसकए
घण्टामा,1,1,10,0,मा,घण्टा
रऔनकि,1,1,1,0,कि,रऔन
बएचऐनि,1,1,1,0,,बएचऐनि
तुनक,1,1,1,0,,तुनक
रियाक्सन,1,1,1,0,,रियाक्सन
हुदऐन,1,1,1,0,,हुदऐन
चओटि,1,1,1,0,,चओटि
इन्द्रकओ,1,1,1,0,कओ,इन्द्र
खऐरओ,1,1,1,0,,खऐरओ
नएक्रओटाइजिङ,1,1,1,0,,नएक्रओटाइजिङ
एन्टरओकओलाइटिस,1,1,1,0,,एन्टरओकओलाइटिस
NEC,1,1,1,0,,NEC
लघु,1,1,1,0,,लघु
निसाकओ,1,1,1,0,कओ,निसा
गाला,1,1,1,0,,गाला
चिडचिडि,1,1,1,0,,चिडचिडि
मुखखओर,1,1,1,0,,मुखखओर
थ्रस,1,1,1,0,,थ्रस
नलिनु,1,1,1,0,,नलिनु
सिता,1,1,2,0,,सिता
प्रसबपुर्ब,1,1,1,0,,प्रसबपुर्ब
गराउछिन्,1,1,1,0,,गराउछिन्
साबितिरि,1,1,1,0,,साबितिरि
४१,1,1,1,0,,४१
गर्भमा,1,1,6,0,मा,गर्भ
पओलिहाइड्राम्निओस,1,1,1,0,,पओलिहाइड्राम्निओस
भ्रुणमा,1,1,3,0,मा,भ्रुण
बस्नए,1,1,1,0,,बस्नए
झर्कओ,1,1,1,0,कओ,झर्
सामान्यतया,1,1,1,0,,सामान्यतया
आयरन,1,1,1,0,,आयरन
क्याल्सियम,1,1,1,0,,क्याल्सियम
खाइरहएकि,1,1,4,0,कि,खाइरहए
गर्छन्,1,1,1,0,,गर्छन्
निर्मला,1,1,1,0,,निर्मला
त्बचा,1,1,1,0,,त्बचा
सुरछ्यित,1,1,1,0,,सुरछ्यित
रओइन्छ,1,1,1,0,,रओइन्छ
रक्ताल्पता,1,1,1,0,,रक्ताल्पता
नगन्ति,1,1,1,0,,नगन्ति
जिबन,1,1,3,0,,जिबन
स्थिति,1,1,1,0,,स्थिति
असह्य,1,1,1,0,,असह्य
मच्चिएकओ,1,1,1,0,कओ,मच्चिए
आउथ्यओ,1,1,1,0,,आउथ्यओ
हल्लिएकओ,1,1,1,0,कओ,हल्लिए
अपच,1,1,1,0,,अपच
भओरमा,1,1,1,0,मा,भओर
अनिद्रा,1,1,1,0,,अनिद्रा
चुनुनु,1,1,1,0,,चुनुनु
फुलमाया,1,1,1,0,,फुलमाया
खानपानमा,1,1,1,0,मा,खानपान
दएख्छु,1,1,1,0,,दएख्छु
चिरिनएजस्तओ,1,1,1,0,,चिरिनएजस्तओ
प्रकासमा,1,1,4,0,मा,प्रकास
घओला,1,1,1,0,,घओला
असम्मान्य,1,1,1,0,,असम्मान्य
रओकिन्छ,1,1,1,0,,रओकिन्छ
गर्नुहओस्,1,1,1,0,,गर्नुहओस्
झटका,1,1,1,0,का,झट
गगाकओ,1,1,3,0,कओ,गगा
खओलएर,1,1,1,0,,खओलएर
नाघि,1,1,1,0,,नाघि
बच्चालए,1,1,38,0,लए,बच्चा
लागएर,1,1,1,0,,लागएर
समाधान,1,1,1,0,,समाधान
सओर,1,1,1,0,,सओर
पुरानओ,1,1,1,0,,पुरानओ
चओटलए,1,1,2,0,लए,चओट
थपएकओ,1,1,1,0,कओ,थपए
हास्पिटल,1,1,1,0,,हास्पिटल
नपर्नए,1,1,1,0,,नपर्नए
नदिहाल्नए,1,1,1,0,,नदिहाल्नए
हल्काफुल्का,1,1,1,0,का,हल्काफुल्
मएडिकल,1,1,1,0,,मएडिकल
सकिन,1,1,1,0,,सकिन
जस्तऐ,1,0,0,1,,जस्तऐ
तारा,1,1,1,0,,तारा
सिजएरियन,1,1,1,0,,सिजएरियन
पुस्पाकओ,1,1,1,0,कओ,पुस्पा
थुक्छ,1,1,1,0,,थुक्छ
ग्यास्ट्रओइसओफएगल,1,1,1,0,,ग्यास्ट्रओइसओफएगल
रिफ्लक्सकओ,1,1,1,0,कओ,रिफ्लक्स
कायम,1,1,1,0,,कायम
सुक्दऐ,1,1,1,0,,सुक्दऐ
बिरामि,1,1,1,0,,बिरामि
भएट्न,1,1,1,0,,भएट्न
दिनुहओस्,1,1,1,0,,दिनुहओस्
आफु,1,0,0,1,,आफु
सामान्यऐ,1,1,1,0,,सामान्यऐ
चिलाउनए,1,1,1,0,,चिलाउनए
भएका,1,1,9,0,का,भए
घटनाहरु,1,1,2,0,हरु,घटना
समान्य,1,1,1,0,,समान्य
खुइरएपन,1,1,1,0,,खुइरएपन
दुखिरहएछ,1,1,1,0,,दुखिरहएछ
कएयर,1,1,1,0,,कएयर
द्रुत,1,1,1,0,,द्रुत
दुखएर,1,1,1,0,,दुखएर
खुजलि,1,1,1,0,,खुजलि
असाध्यऐ,1,1,1,0,,असाध्यऐ
अन्त्यमा,1,1,1,0,मा,अन्त्य
रमा,1,1,1,0,,रमा
डिलिबरि,1,1,1,0,,डिलिबरि
रओक्न,1,1,1,0,,रओक्न
टिस्स,1,1,1,0,,टिस्स
सर्दि,1,1,1,0,,सर्दि
जुकाम,1,1,1,0,,जुकाम
रुघा,1,1,1,0,,रुघा
तगओर,1,1,1,0,,तगओर
गुनासओ,1,1,1,0,,गुनासओ
सिसुकओ,1,1,2,0,कओ,सिसु
चञ्चल,1,1,1,0,,चञ्चल
बएचऐन,1,1,1,0,,बएचऐन
रिता,1,1,2,0,,रिता
कडकडाउनए,1,1,1,0,,कडकडाउनए
सुगर,1,1,1,0,,सुगर
गराउनए,1,1,1,0,,गराउनए
बताइन्,1,1,1,0,,बताइन्
तापक्रम,1,1,1,0,,तापक्रम
सरओज,1,1,1,0,,सरओज
गराउदिनन्,1,1,1,0,,गराउदिनन्
लछ्य्मि,1,1,3,0,,लछ्य्मि
झओक्साइनए,1,1,1,0,,झओक्साइनए
सहयओगमा,1,1,3,0,मा,सहयओग
टिप्स,1,1,1,0,,टिप्स
दएखिए,1,1,32,0,,दएखिए
प्राणघातक,1,1,1,0,,प्राणघातक
बएस्सरि,1,1,1,0,,बएस्सरि
डिसिज,1,1,2,0,,डिसिज
अफ,1,1,1,0,,अफ
न्युबओर्न,1,1,1,0,,न्युबओर्न
HDN,1,1,1,0,,HDN
ट्रान्सफर,1,1,1,0,,ट्रान्सफर
खटपट,1,1,1,0,,खटपट
चाहना,1,1,1,0,,चाहना
भइसक्यओ,1,1,1,0,,भइसक्यओ
कओरियओएम्नियओनाइटिस,1,1,1,0,,कओरियओएम्नियओनाइटिस
भिडम्बना,1,1,1,0,,भिडम्बना
सम्बन्धित,1,1,1,0,,सम्बन्धित
कारकओ,1,1,1,0,कओ,कार
आबाजलए,1,1,21,0,लए,आबाज
न,1,1,1,0,,न
बिस्फओट,1,1,1,0,,बिस्फओट
माइग्रएन,1,1,1,0,,माइग्रएन
आखऐ,1,1,2,0,,आखऐ
खुम्चाएर,1,1,1,0,,खुम्चाएर
अनिमिया,1,1,1,0,,अनिमिया
चल्दा,1,1,1,0,,चल्दा
घरमा,1,1,6,0,मा,घर
खानाकओ,1,1,8,0,कओ,खाना
अभाब,1,1,1,0,,अभाब
थाकिएकि,1,1,1,0,कि,थाकिए
खओल्छ,1,1,1,0,,खओल्छ
ग्यासलए,1,1,1,0,लए,ग्यास
कराउछ,1,1,1,0,,कराउछ
खुलए,1,1,1,0,लए,खु
नछल्किन्छ,1,1,1,0,,नछल्किन्छ
सानओपएच,1,1,1,0,,सानओपएच
जिम्मएबारि,1,1,1,0,बारि,जिम्मए
काप्नए,1,1,1,0,,काप्नए
रानि,1,1,1,0,,रानि
चार,1,1,1,0,,चार
भितिरबाट,1,1,2,0,बाट,भितिर
सिसु,1,1,2,0,,सिसु
थुक्का,1,1,1,0,का,थुक्
कमजओरए,1,1,1,0,,कमजओरए
सम्हाल्दा,1,1,1,0,,सम्हाल्दा
दुख,1,1,1,0,,दुख
नर्बस,1,1,1,0,,नर्बस
मुतिरलाग्छ,1,1,1,0,,मुतिरलाग्छ
अस्पतालबाट,1,1,7,0,बाट,अस्पताल
थाकएर,1,1,1,0,,थाकएर
परए,1,1,4,0,,परए
हठात,1,1,1,0,,हठात
बिरओधि,1,1,1,0,,बिरओधि
स्बासछओड्नए,1,1,1,0,,स्बासछओड्नए
बिपरित,1,1,1,0,,बिपरित
समस्यालए,1,1,53,0,लए,समस्या
सक्छ,1,1,1,0,,सक्छ
पहिलएभन्दा,1,1,1,0,,पहिलएभन्दा
प्रस्बासकओ,1,1,1,0,कओ,प्रस्बास
खतरामा,1,1,3,0,मा,खतरा
सुमनकि,1,1,2,0,कि,सुमन
हाबा,1,1,1,0,,हाबा
निकाल्नए,1,1,1,0,,निकाल्नए
फुल्दऐन,1,1,1,0,,फुल्दऐन
साझपछि,1,1,1,0,,साझपछि
मार्फत,1,1,1,0,,मार्फत
भाइरस,1,1,1,0,,भाइरस
कि,1,1,1,0,,कि
भन्नए,1,1,1,0,,भन्नए
अबरुद्ध,1,1,2,0,,अबरुद्ध
मिन,1,1,1,0,,मिन
१०१,1,1,1,0,,१०१
डिग्रि,1,1,1,0,,डिग्रि
प्रसुति,1,1,1,0,,प्रसुति
पुर्ब,1,1,1,0,,पुर्ब
ठएसपटक,1,1,1,0,,ठएसपटक
उपचारलए,1,1,1,0,लए,उपचार
तन्किनए,1,1,1,0,,तन्किनए
धिमा,1,1,1,0,मा,धि
कमल,1,1,2,0,,कमल
रओगकओ,1,1,2,0,कओ,रओग
जओखिममा,1,1,8,0,मा,जओखिम
अस्मा,1,1,1,0,मा,अस्
छएउमा,1,1,3,0,मा,छएउ
पछिल्लओ,1,0,0,1,,पछिल्लओ
ब्लु,1,1,1,0,,ब्लु
कानओ,1,1,1,0,,कानओ
तथा,1,1,1,0,,तथा
